FirstName|LastName|Address|City|State|Zip|Email|Phone
Lara|Quinn|P.O. Box 964, 6064 Fusce Rd.|Walla Walla|WV|05635|hendrerit@blanditatnisi.org|1-985-143-2771
Dustin|Lara|Ap #162-5249 Dui. Avenue|Newport|AL|02838|cursus.et.eros@estNunc.com|1-529-673-8409
Odessa|Mckay|258-1677 Cursus Rd.|Vallejo|FL|21060|rutrum.eu.ultrices@Maecenasmalesuada.ca|1-268-731-5825
Kylee|Simpson|P.O. Box 862, 3665 Magna St.|Batavia|AK|24295|odio@consectetuer.com|1-321-163-5561
Beatrice|Hurley|Ap #694-6575 Nunc. Street|Opelousas|OH|94199|diam.Sed@pede.org|1-438-402-9580
Mari|Gibson|5470 Adipiscing, Avenue|Morgantown|NJ|42961|metus.eu.erat@Morbiaccumsan.edu|1-223-154-3592
Lev|Mcdaniel|Ap #562-286 Ligula Rd.|Bristol|CO|54526|ut.quam@quam.com|1-457-511-8600
Cruz|Nichols|P.O. Box 241, 7227 Sociis Ave|Fontana|IL|84410|vitae.erat.Vivamus@a.org|1-664-175-8369
Lee|Forbes|778-144 Lectus. Street|San Dimas|AK|84195|ullamcorper@vitaeodiosagittis.edu|1-474-440-3862
Igor|Wolfe|647-7148 Purus. Ave|Effingham|NY|51156|Suspendisse@Nunclectus.ca|1-804-254-5317
Rhonda|Case|Ap #315-2285 Libero. Rd.|Texarkana|UT|30097|elit@Suspendisse.org|1-951-206-6484
Duncan|Wilkins|Ap #369-181 Quis Av.|Laughlin|DC|59346|sociosqu.ad@orciPhasellusdapibus.ca|1-761-878-5169
Jemima|Mcfarland|P.O. Box 386, 2755 Malesuada Street|Paramount|MS|01358|erat.vitae.risus@lacusUt.ca|1-469-337-7537
Adena|Webster|P.O. Box 168, 5433 Nullam Street|Shamokin|NV|68217|Fusce@lobortisrisus.org|1-786-914-7774
Odysseus|Pollard|3334 Pellentesque Avenue|Mankato|OH|55176|eget.laoreet.posuere@euismodmauris.edu|1-490-192-4692
Carla|Mooney|Ap #854-7413 Pharetra Road|Chico|NE|01588|libero.lacus@iaculisquis.edu|1-851-843-3125
Fletcher|Stark|Ap #396-4796 Ac Ave|Orange|UT|92680|Suspendisse@Donecat.ca|1-339-272-4950
Dylan|Hamilton|8270 Nec St.|Lawrenceville|NE|66825|tristique.ac.eleifend@orci.edu|1-273-191-3418
Illiana|Hobbs|224-7497 Class Avenue|Virginia Beach|ND|31356|pharetra@auctornuncnulla.edu|1-154-246-5874
Felicia|Cotton|Ap #818-9860 Ante Street|Montebello|MS|75431|semper.et.lacinia@ante.com|1-208-354-8422
Pamela|Irwin|P.O. Box 726, 9661 Laoreet Avenue|Pembroke Pines|DC|99231|nisl@diam.edu|1-469-724-5667
Hammett|Cantrell|418-3309 Metus. Road|Watervliet|MT|46087|enim@pharetraNamac.org|1-435-169-5263
Maggie|Robbins|P.O. Box 404, 3162 Fusce Avenue|Williston|UT|36714|at.arcu.Vestibulum@cursusvestibulum.com|1-798-858-3847
Ishmael|Emerson|129-7429 Vivamus Road|Ephraim|VT|24748|ante.dictum@enim.org|1-114-962-2470
Vivien|Anthony|758-1222 Velit Road|Moscow|NY|83332|montes.nascetur.ridiculus@scelerisquesed.edu|1-614-587-8348
Dexter|Johnston|2824 Dapibus Rd.|Richmond|ME|97921|mauris@acmetus.edu|1-733-292-8753
Lysandra|Rojas|641-4403 Ultricies St.|Clearwater|WY|91722|libero.Integer.in@acnullaIn.org|1-610-802-6879
Hyatt|Leonard|3900 Dolor Rd.|Albuquerque|CT|93475|aliquet.lobortis.nisi@VivamusrhoncusDonec.com|1-635-615-8735
Pearl|Riddle|172-9149 Feugiat Rd.|Guánica|GA|16181|Praesent.interdum.ligula@lacus.edu|1-795-410-2848
Magee|Cooper|Ap #139-792 A, St.|Tulsa|IL|49831|laoreet.ipsum.Curabitur@bibendum.ca|1-144-455-6395
Alana|Carson|Ap #565-2552 Sodales St.|Nampa|RI|15056|faucibus.lectus.a@SednequeSed.com|1-967-412-0525
Kylynn|Guerrero|P.O. Box 631, 9891 Nullam Ave|Oshkosh|LA|51908|lobortis.mauris.Suspendisse@Vestibulumaccumsanneque.ca|1-855-368-3209
Rebecca|Hendricks|623-5244 Aliquam Rd.|Catskill|WV|52951|aliquet.magna@Crasdictumultricies.ca|1-704-972-2922
Rachel|Odonnell|P.O. Box 795, 8264 Augue Street|Fontana|OK|22283|accumsan.laoreet.ipsum@eleifend.ca|1-941-924-2264
Acton|Hall|Ap #459-1444 Malesuada Street|Sierra Madre|CT|32415|Aliquam@rhoncusDonecest.ca|1-810-744-0614
Merrill|Leach|P.O. Box 524, 1243 Neque. Avenue|Tok|NJ|94410|Sed.eget.lacus@velesttempor.edu|1-760-505-5779
Haviva|Dawson|549-4880 Tincidunt Road|Cody|CA|01611|fringilla.est@vulputate.com|1-855-351-8287
Merritt|Barnes|361-5243 Mollis St.|Longview|ME|43465|velit.eget.laoreet@egetipsum.com|1-420-781-4192
Rae|Wilder|404-3382 Sed Av.|Santa Cruz|OK|18973|scelerisque.scelerisque.dui@diamatpretium.edu|1-382-173-4827
Lee|Daniels|Ap #221-7306 Duis Road|Galveston|TX|00874|tempor.est.ac@pharetraQuisque.org|1-728-792-1749
Ezra|Oconnor|P.O. Box 873, 4420 Vestibulum Ave|Macon|OK|77242|ut.pharetra.sed@aauctor.org|1-355-947-1110
Jillian|Stokes|P.O. Box 679, 6319 Amet, St.|Muskegon|LA|00253|id@velnislQuisque.edu|1-206-144-2662
Calista|Klein|Ap #747-9684 Semper Road|Clearwater|CA|13476|Vestibulum.ante@turpisnon.com|1-720-865-0313
Kamal|Morales|P.O. Box 216, 8204 Massa. Av.|Hopkinsville|GA|34901|pede.ultrices@ProindolorNulla.org|1-497-262-2045
Kelsey|Bates|216-2124 Dolor Road|Orem|KY|77279|egestas.Aliquam.nec@Namligula.ca|1-155-328-4220
Quail|Flynn|Ap #295-3598 Aenean St.|Detroit|NV|24603|sagittis.Duis@morbitristiquesenectus.ca|1-165-383-7068
Rhea|Todd|223-3076 Ut Avenue|Pierre|OH|93807|Nunc@variusNamporttitor.edu|1-796-970-7865
Malachi|Knox|6135 Ipsum Rd.|Tamuning|ND|82262|interdum.libero.dui@acorci.com|1-643-341-2108
Naomi|Moreno|P.O. Box 419, 7741 Ligula. St.|Boulder Junction|AK|83156|libero@blandit.ca|1-723-974-2840
Kennan|Campbell|817-4773 Donec Ave|La Cañada Flintridge|TN|78525|imperdiet.erat.nonummy@idante.org|1-380-355-4405
Yeo|Church|Ap #781-1586 Elit, Ave|Yakima|NH|25951|lorem.ac.risus@diamluctuslobortis.edu|1-111-376-7172
Caldwell|Taylor|950-9747 Dictum. Av.|Irving|NE|82733|Vestibulum.ante@est.ca|1-189-456-0732
Summer|Elliott|Ap #476-6806 Purus, Ave|Bremerton|WV|76619|volutpat@fermentum.org|1-266-523-5968
Ruby|Walsh|Ap #735-2066 Nibh. Rd.|Rancho Santa Margarita|NC|41351|Sed.auctor@Proin.edu|1-388-701-2071
Shay|Peters|187-5745 Malesuada Road|Biddeford|PA|12074|arcu.Vestibulum@ultricesposuere.com|1-861-672-9700
Lesley|Rojas|P.O. Box 547, 5378 Nulla Avenue|Decatur|ID|49023|orci.in@ametdiameu.ca|1-789-452-2332
Tarik|Burton|266-3977 Commodo Av.|Lawndale|MI|89403|ridiculus.mus.Proin@eu.com|1-903-365-6998
Sage|Barry|783-860 Magna. Ave|San Marino|GA|00713|commodo.auctor.velit@liberolacus.edu|1-593-859-4583
Gannon|Stuart|P.O. Box 717, 1101 Ante St.|Worcester|VT|93917|mauris.a@id.ca|1-841-700-1595
Taylor|Rutledge|1350 Vel Avenue|Apple Valley|WY|29510|venenatis@cursusvestibulumMauris.com|1-737-908-9239
Rafael|Everett|P.O. Box 741, 3497 Pharetra. St.|Delta Junction|OH|93004|habitant@nunc.edu|1-129-937-9608
Hiram|Greene|Ap #359-9662 Elit, Rd.|San Francisco|WY|86390|nonummy.ultricies@lobortismauris.ca|1-478-415-3761
Cameron|Aguilar|Ap #157-7449 Ligula Ave|Guayama|AZ|97997|orci.Ut@Etiam.org|1-674-980-2674
Reese|Pate|394-3187 Litora Rd.|Niagara Falls|ME|30128|lectus.ante.dictum@consequatauctornunc.org|1-550-541-7082
Shana|Love|8333 Rutrum Road|Pullman|MI|75187|at@aarcuSed.com|1-348-393-4733
Walter|Cotton|Ap #698-2908 Morbi Rd.|Green River|CO|80677|Cum.sociis@facilisisfacilisis.org|1-705-908-4727
Moses|Houston|P.O. Box 349, 4253 Ante St.|Jacksonville|ME|29596|mollis@ac.ca|1-785-784-2560
Duncan|Boyle|P.O. Box 902, 8355 Duis Road|Moraga|IN|46943|Aenean@famesac.org|1-261-955-2112
Hollee|Dotson|758-6591 Pede Av.|York|AL|50494|hendrerit.id@egestasligulaNullam.edu|1-102-158-2795
Brody|Craft|Ap #167-6123 Et, Avenue|New Bedford|CA|50454|egestas@semperegestas.com|1-445-503-7732
Todd|Levine|P.O. Box 695, 4782 Magna. Av.|Rolling Hills|PA|35380|gravida.mauris@laciniaSed.edu|1-728-321-9052
Winter|Ball|P.O. Box 517, 3046 Eu Av.|Waukegan|GA|53043|neque.vitae@eleifendnecmalesuada.org|1-534-766-7719
Merritt|Charles|274-7934 Ultrices Rd.|Fernley|MD|99142|at.fringilla@libero.com|1-519-385-9569
Connor|Sims|P.O. Box 842, 5098 Libero. Ave|Layton|HI|29762|laoreet@eros.ca|1-738-113-9608
Travis|Stone|P.O. Box 415, 1398 Fringilla Rd.|Minneapolis|NH|71844|ut@lectuspedeultrices.org|1-465-578-4493
Ginger|Robertson|2411 Adipiscing, Avenue|Brookfield|MA|56540|est.ac.facilisis@tellusfaucibusleo.ca|1-605-152-9978
Frances|Bentley|P.O. Box 563, 4496 Metus. St.|Chesapeake|WA|48998|lorem.vehicula.et@etrutrumeu.com|1-459-501-4082
Graham|Whitaker|P.O. Box 523, 256 Fermentum Rd.|Chicopee|MD|91680|nec.diam@rutrummagnaCras.org|1-256-668-0673
Alice|Palmer|Ap #774-6224 Duis Rd.|Sun Valley|DC|00181|eleifend.nec@semmagnanec.ca|1-125-783-7510
Leila|Sharpe|Ap #147-8086 Porttitor St.|Inglewood|GA|27018|nascetur.ridiculus.mus@nullaIntegerurna.edu|1-867-551-2032
Marshall|Chan|Ap #659-6438 Non Av.|Brunswick|TN|11029|magna.Praesent.interdum@liberoestcongue.ca|1-676-228-3316
Abdul|Foreman|P.O. Box 863, 4816 Primis Av.|Butler|ND|79208|at@etultrices.com|1-300-439-7604
Mollie|Gilmore|564-9918 Vestibulum Rd.|Laguna Hills|GA|97906|magnis.dis.parturient@Nulla.edu|1-522-951-6211
Tamekah|Lang|3099 Etiam Road|Hopkinsville|KY|94985|elementum.lorem@eleifend.edu|1-432-627-7899
Adrienne|Stevenson|360-1114 Sed, Av.|Paramount|NM|60846|diam.Duis@duinecurna.com|1-255-873-5634
Melvin|Dalton|Ap #232-5714 Sed Rd.|Clemson|RI|32889|sodales@sociisnatoquepenatibus.org|1-900-784-2477
Brynn|Alexander|Ap #748-1754 Porttitor Rd.|Peabody|MO|86675|risus.Quisque.libero@enim.com|1-254-939-2879
Whitney|Pitts|P.O. Box 322, 7230 Euismod Rd.|Victoria|OR|66331|ante@dolorNulla.org|1-621-660-8477
Holmes|Kane|Ap #602-6857 Diam. Avenue|Oil City|IA|94625|purus.in.molestie@in.edu|1-602-362-0108
Katell|Keith|P.O. Box 749, 1745 Sem Rd.|Sugar Land|AK|93818|fermentum.metus.Aenean@pretiumetrutrum.ca|1-559-822-8326
TaShya|Pace|5888 Vel, Road|Marshall|RI|95787|faucibus.orci@malesuadamalesuada.com|1-219-181-3755
Iola|Hebert|1269 Nonummy Street|Tempe|IA|78057|sem.molestie.sodales@massaInteger.org|1-828-737-8643
Charissa|Sykes|P.O. Box 610, 5130 Dui, Road|Bellingham|UT|63510|tellus.Nunc@ornaresagittis.edu|1-478-115-9803
Zia|Vang|P.O. Box 740, 8959 Suspendisse Road|Cody|NJ|26336|orci.lacus.vestibulum@dictum.org|1-695-701-7810
Tana|Blankenship|P.O. Box 934, 1802 Sed Street|Hartford|MT|70407|feugiat@pharetra.com|1-720-531-1232
Calista|Hanson|Ap #446-6008 Duis Road|Waterbury|VT|61579|nec.luctus.felis@lacusUtnec.ca|1-729-261-3945
Arden|Santana|454-923 Nec Rd.|Gary|IA|93962|sagittis.Duis@consectetuer.edu|1-980-152-3469
Kalia|Hutchinson|3312 Nec Avenue|Bentonville|FL|55542|arcu.et.pede@euaccumsan.org|1-595-600-8444
Fulton|Acosta|7687 At Street|Moscow|AK|35789|Donec.dignissim.magna@consectetuer.org|1-687-247-2217
Michael|Koch|7139 Nunc Rd.|Greensboro|LA|51839|Morbi.sit.amet@veliteu.org|1-444-268-8810

